{"cameraMode":{"drawMode":0,"name":"Shaded","section":"Shading Mode"},"sceneLighting":true,"audioPlay":false,"sceneViewState":{"showFog":true,"showMaterialUpdate":false,"showSkybox":true,"showFlares":true,"showImageEffects":true,"showParticleSystems":true},"in2DMode":false,"pivot":{"x":-22.519989013671876,"y":92.43236541748047,"z":-128.0474395751953},"rotation":{"x":-0.1556519865989685,"y":0.016888486221432687,"z":-0.002661846810951829,"w":-0.9876692891120911},"size":64.2530746459961,"orthographic":false}