{"cameraMode":{"drawMode":0,"name":"Shaded","section":"Shading Mode"},"sceneLighting":false,"audioPlay":false,"sceneViewState":{"showFog":true,"showMaterialUpdate":false,"showSkybox":false,"showFlares":true,"showImageEffects":true,"showParticleSystems":true},"in2DMode":false,"pivot":{"x":0.008446317166090012,"y":-0.07333067059516907,"z":-0.018963992595672609},"rotation":{"x":-0.17322558164596559,"y":0.6416929960250855,"z":-0.15292367339134217,"w":-0.7317694425582886},"size":1.5936506986618043,"orthographic":true}