{"cameraMode":{"drawMode":0,"name":"Shaded","section":"Shading Mode"},"sceneLighting":true,"audioPlay":false,"sceneViewState":{"showFog":true,"showMaterialUpdate":false,"showSkybox":true,"showFlares":true,"showImageEffects":true,"showParticleSystems":true},"in2DMode":false,"pivot":{"x":0.21353411674499513,"y":-3.0299806594848635,"z":-0.35853371024131777},"rotation":{"x":-0.4050002694129944,"y":0.20020486414432527,"z":-0.0729021355509758,"w":-0.889808714389801},"size":69.86346435546875,"orthographic":true}